time,temperatureC,currentKmh,currentDirectionDeg
2026-10-10T00:00+09:00,20.8,0.6,162
2026-10-10T01:00+09:00,20.8,0.6,162
2026-10-10T02:00+09:00,20.8,0.6,162
2026-10-10T03:00+09:00,20.8,0.6,162
2026-10-10T04:00+09:00,20.8,0.6,162
2026-10-10T05:00+09:00,20.7,0.6,162
2026-10-10T06:00+09:00,20.7,0.6,162
2026-10-10T07:00+09:00,20.7,0.5,180
2026-10-10T08:00+09:00,20.7,0.5,180
2026-10-10T09:00+09:00,20.7,0.5,180
2026-10-10T10:00+09:00,20.7,0.5,180
2026-10-10T11:00+09:00,20.8,0.5,180
2026-10-10T12:00+09:00,20.8,0.4,207
2026-10-10T13:00+09:00,20.9,0.3,225
2026-10-10T14:00+09:00,21,0.2,270
2026-10-10T15:00+09:00,21,0.2,270
2026-10-10T16:00+09:00,20.9,0.2,0
2026-10-10T17:00+09:00,20.9,0.2,0
2026-10-10T18:00+09:00,20.8,0.2,90
2026-10-10T19:00+09:00,20.7,0.2,90
2026-10-10T20:00+09:00,20.6,0.4,117
2026-10-10T21:00+09:00,20.6,0.4,117
2026-10-10T22:00+09:00,20.5,0.4,153
2026-10-10T23:00+09:00,20.5,0.6,162
2026-10-11T00:00+09:00,20.4,0.6,162
2026-10-11T01:00+09:00,20.4,0.7,180
2026-10-11T02:00+09:00,20.4,0.7,194
2026-10-11T03:00+09:00,20.3,0.8,207
2026-10-11T04:00+09:00,20.3,0.6,214
2026-10-11T05:00+09:00,20.2,0.6,236
2026-10-11T06:00+09:00,20.2,0.6,236
2026-10-11T07:00+09:00,20.2,0.6,252
2026-10-11T08:00+09:00,20.2,0.6,252
2026-10-11T09:00+09:00,20.2,0.5,270
2026-10-11T10:00+09:00,20.2,0.5,270
2026-10-11T11:00+09:00,20.3,0.4,270
2026-10-11T12:00+09:00,20.5,0.4,270
2026-10-11T13:00+09:00,20.6,0.4,270
2026-10-11T14:00+09:00,20.7,0.4,270
2026-10-11T15:00+09:00,20.7,0.4,270
2026-10-11T16:00+09:00,20.7,0.4,270
2026-10-11T17:00+09:00,20.7,0.2,270
2026-10-11T18:00+09:00,20.6,0.3,225
2026-10-11T19:00+09:00,20.5,0.5,225
2026-10-11T20:00+09:00,20.4,0.5,225
2026-10-11T21:00+09:00,20.4,0.6,236
2026-10-11T22:00+09:00,20.3,0.9,233
2026-10-11T23:00+09:00,20.3,0.8,243
2026-10-12T00:00+09:00,20.2,1,248
2026-10-12T01:00+09:00,20.2,1,248
2026-10-12T02:00+09:00,20.2,0.9,259
2026-10-12T03:00+09:00,20.1,0.9,259
2026-10-12T04:00+09:00,20.1,0.9,270
2026-10-12T05:00+09:00,20.1,0.7,270
2026-10-12T06:00+09:00,20.1,0.7,270
2026-10-12T07:00+09:00,20.1,0.5,270
2026-10-12T08:00+09:00,20.1,0.5,270
2026-10-12T09:00+09:00,20.1,0.6,252
2026-10-12T10:00+09:00,20.1,0.6,252
2026-10-12T11:00+09:00,20.2,0.8,243
2026-10-12T12:00+09:00,20.2,1,248
2026-10-12T13:00+09:00,20.2,1.1,252
2026-10-12T14:00+09:00,20.3,1.1,252
2026-10-12T15:00+09:00,20.3,1.1,261
2026-10-12T16:00+09:00,20.3,1.1,261
2026-10-12T17:00+09:00,20.3,0.9,270
2026-10-12T18:00+09:00,20.3,0.9,270
2026-10-12T19:00+09:00,20.2,0.7,270
2026-10-12T20:00+09:00,20.2,0.7,284
2026-10-12T21:00+09:00,20.2,0.6,288
2026-10-12T22:00+09:00,20.2,0.5,270
2026-10-12T23:00+09:00,20.2,0.4,270
